setting,seed,final_nondominated,final_hv,gen_hv_99pct
original,0,1,0.0991414018938436,1
original,1,1,0.09914140189384364,4
original,2,1,0.09914140189384343,3
original,3,1,0.09914140189381906,7
original,4,1,0.09914140189384305,5
original,5,1,0.09914140189384252,4
original,6,2,0.09914140189384346,2
original,7,1,0.09914140189384343,2
original,8,1,0.09914140189384166,3
original,9,1,0.09914140189384356,4
fixed,0,50,0.09212338238056235,8
fixed,1,50,0.09211972317947989,9
fixed,2,50,0.09211840762007555,8
fixed,3,50,0.09212416363217574,7
fixed,4,50,0.09211461600636049,12
fixed,5,50,0.09211440548043116,9
fixed,6,50,0.09211874442503055,14
fixed,7,50,0.09212421986318658,5
fixed,8,50,0.09212456479059397,7
fixed,9,50,0.09211710616057386,7
